{
  "train_loss": [
    1.0155371763465697,
    0.5194941960405886,
    0.4420322710484789,
    0.44635829303348273,
    0.3671022984280921,
    0.34265989921333495,
    0.32091378708157625,
    0.31757309327000066,
    0.3012892996663587,
    0.2644657541001052,
    0.24527151555868618,
    0.2438417160720156,
    0.27288786955831346,
    0.21939088763636455,
    0.24579842695802973,
    0.2164734586942614,
    0.21074453094287923,
    0.20704354280442522,
    0.22465970295301654,
    0.19068621961694016
  ],
  "val_loss": [
    0.6851402048406929,
    0.5263685501854996,
    0.3858578924475045,
    0.46772010778558665,
    0.5535957361089772,
    0.35980513640518846,
    0.36474332110635166,
    0.41001051869885674,
    0.3851080346724083,
    0.43763392958147773,
    0.3655931517995637,
    0.4348524644457061,
    0.3656973309558013,
    0.3755242475147905,
    0.5512599297638597,
    0.4292040066472415,
    0.45565529219035444,
    0.3878264422046727,
    0.3760664576086505,
    0.396398297671614
  ],
  "pearson": [
    0.3681255907778781,
    0.4224165080483586,
    0.4529908794193864,
    0.4782751225305719,
    0.4896235755622428,
    0.5358974288685829,
    0.5078194743545055,
    0.4993354732710218,
    0.5228565260510646,
    0.5202589158910402,
    0.5343014462894118,
    0.5535578231771542,
    0.549946135734544,
    0.5288276174696785,
    0.5202781625983933,
    0.5340870552660125,
    0.5227088984239956,
    0.5229327761597272,
    0.5234989457777861,
    0.5376355271807242
  ],
  "rmse": [
    1.2522360909927899,
    1.0998927589245924,
    0.9840088856797456,
    1.0421390603409837,
    1.13220858917986,
    0.9476602803521692,
    0.9602251550544321,
    1.0022411885981857,
    0.9644865892995038,
    1.011775794802462,
    0.95906639852866,
    1.0041103278441035,
    0.9453247484369328,
    0.9538415433406919,
    1.1434039019392683,
    1.0093674652469489,
    1.0448267181323272,
    0.9877378486902489,
    0.9714592079254671,
    0.9766343487411564
  ],
  "mae": [
    1.122330908198933,
    0.9503960132598877,
    0.7226158482687813,
    0.8722650821392353,
    0.9867021217450991,
    0.6867827607380165,
    0.6982229892369155,
    0.7701141363971836,
    0.7474058782661354,
    0.8388186833360693,
    0.6981444295946059,
    0.8378384970701658,
    0.694230980008513,
    0.7300609591898027,
    0.9797558339087518,
    0.8243372979399922,
    0.8483217886516026,
    0.7220137406181503,
    0.7068214722059585,
    0.7655265035865071
  ],
  "qwk": [
    0.1728313447672799,
    0.21223545220409845,
    0.31558323744822925,
    0.32253722322949285,
    0.3029532200024817,
    0.4634339118555386,
    0.4422033152413085,
    0.41938551284451575,
    0.4259203125526252,
    0.3445879634026656,
    0.49926080569817244,
    0.3752614572826921,
    0.49958998601128757,
    0.4524893365353596,
    0.3479518629946773,
    0.4093300821355237,
    0.3619362720630529,
    0.4755582349911186,
    0.48291651739428565,
    0.4468410525902977
  ],
  "score": [
    0.22739608782399934,
    0.28334944776442494,
    0.3488273783469363,
    0.36387300979309106,
    0.3583450038793453,
    0.4595290080457567,
    0.4335617529565051,
    0.4172434296705101,
    0.4358577111867136,
    0.3994017451555673,
    0.47233187012648303,
    0.43203376042716424,
    0.4825374384233947,
    0.45060022792891635,
    0.39417744765994345,
    0.4337158927514696,
    0.4061585119730021,
    0.45459606725777135,
    0.4586930140281126,
    0.4524860199074958
  ]
}